{"1": [[[0.02644944190979004, 451.9163131713867], [0.22095203399658203, 526.9937515258789], [0.41303396224975586, 524.5004653930664], [0.6017608642578125, 530.1759719848633], [0.7882046699523926, 523.1636047363281], [0.9745032787322998, 508.74929428100586], [1.1624624729156494, 523.680305480957], [1.3487112522125244, 516.8360710144043], [1.535508155822754, 522.0399856567383], [1.7220261096954346, 521.9948768615723], [1.9097120761871338, 506.64968490600586], [2.0975148677825928, 526.1489868164062], [2.285835027694702, 525.0212669372559], [2.470085382461548, 510.5208396911621], [2.6571054458618164, 4], [2.8439748287200928, 4], [3.035048484802246, 4], [3.2217419147491455, 4], [3.4112648963928223, 4], [3.5997893810272217, 4], [3.7863616943359375, 527.9041290283203], [3.9718005657196045, 498.087215423584], [4.160755634307861, 530.4917335510254], [4.346994638442993, 512.1980667114258], [4.531655550003052, 508.7944030761719], [4.718163967132568, 532.7266693115234], [4.904560327529907, 531.6399574279785], [5.093424320220947, 4], [5.284834146499634, 4], [5.471834659576416, 513.5923385620117], [5.656826972961426, 515.0522232055664], [5.842155933380127, 509.2947006225586], [6.02735710144043, 509.95492935180664], [6.215491771697998, 530.2251815795898], [6.401628494262695, 508.90512466430664], [6.586396217346191, 508.81900787353516], [6.7716240882873535, 509.40542221069336], [6.95674991607666, 509.9098205566406], [7.143265247344971, 531.598949432373], [7.331045627593994, 519.173526763916], [7.518056392669678, 518.2426452636719], [7.703664541244507, 510.72998046875], [7.889092922210693, 509.59815979003906], [8.074387311935425, 509.8729133605957], [8.262540817260742, 530.6967735290527], [8.447878360748291, 509.1470718383789], [8.632648229598999, 509.62276458740234], [8.81786060333252, 508.7533950805664], [9.003249168395996, 510.98833084106445], [9.189928770065308, 531.5169334411621], [9.378103017807007, 517.4921989440918], [9.564121723175049, 520.2807426452637], [9.749581575393677, 509.2577934265137], [9.93481183052063, 510.0287437438965]]], "2": [[[0.10072159767150879, 499.25594329833984], [0.2941882610321045, 496.295166015625], [0.48508620262145996, 487.78600692749023], [0.6729962825775146, 466.63408279418945], [0.860440731048584, 510.20917892456055], [1.0475835800170898, 521.5191841125488], [1.2352707386016846, 4], [1.4217774868011475, 4], [1.608370065689087, 4], [1.795348882675171, 4], [1.9819512367248535, 511.517333984375], [2.1708648204803467, 525.7184028625488], [2.357123851776123, 482.9429626464844], [2.542656421661377, 505.81722259521484], [2.7288084030151367, 493.2318687438965], [2.91811466217041, 4], [3.1071295738220215, 508.81080627441406], [3.2955074310302734, 4], [3.4839768409729004, 4], [3.6723873615264893, 506.88343048095703], [3.85803484916687, 514.359188079834], [4.045178651809692, 531.8572998046875], [4.2338502407073975, 528.1378746032715], [4.418900966644287, 494.8270797729492], [4.6040263175964355, 503.2173156738281], [4.790352821350098, 502.7170181274414], [4.97534704208374, 465.7278060913086], [5.166539907455444, 527.1495819091797], [5.358475923538208, 529.8027992248535], [5.543614149093628, 490.4351234436035], [5.729362964630127, 505.4522514343262], [5.914432764053345, 503.23781967163086], [6.099998950958252, 499.94897842407227], [6.288846969604492, 532.2263717651367], [6.473642110824585, 496.3894844055176], [6.658802270889282, 503.9923667907715], [6.843949556350708, 503.78732681274414], [7.0275490283966064, 465.14549255371094], [7.2162184715271, 486.0595703125], [7.404468059539795, 527.0306587219238], [7.590690851211548, 505.06677627563477], [7.776180744171143, 504.4926643371582], [7.961492300033569, 504.9191474914551], [8.147006034851074, 500.14171600341797], [8.335065364837646, 479.4695854187012], [8.519834995269775, 495.1756477355957], [8.705063343048096, 503.70121002197266], [8.890159130096436, 502.97536849975586], [9.074209451675415, 465.53096771240234], [9.263152122497559, 529.761791229248], [9.450443029403687, 509.3152046203613], [9.636713981628418, 506.1288833618164], [9.821938037872314, 503.2173156738281], [10.007182836532593, 503.9349555969238]]]}